{
  "laser_calibrations": [
    {
      "name": "Default from the company",
      "intercept": -273.86922,
      "slope": 947.49306,
      "min_power_mW": 0,
      "max_power_mW": 2315,
      "current_A": [
        0.28,
        0.39,
        0.49,
        0.6,
        0.72,
        0.81,
        0.92,
        1.03,
        1.15,
        1.25,
        1.35,
        1.46,
        1.56,
        1.66,
        1.78,
        1.87,
        1.98,
        2.08,
        2.18,
        2.29,
        2.39,
        2.5,
        2.61,
        2.72,
        2.73
      ],
      "power_mW": [
        1,
        100,
        200,
        300,
        400,
        500,
        600,
        700,
        800,
        900,
        1000,
        1100,
        1200,
        1300,
        1400,
        1500,
        1600,
        1700,
        1800,
        1900,
        2000,
        2100,
        2200,
        2300,
        2315
      ]
    },
    {
      "name": "No collimator, straight from laser head",
      "intercept": -300.77019,
      "slope": 1048.95693,
      "min_power_mW": 0,
      "max_power_mW": 2315,
      "current_A": [
        2.73,
        2.69,
        2.54,
        2.27,
        2.01,
        1.76,
        1.68,
        1.43,
        1.17,
        0.95,
        0.77,
        0.56,
        0.41,
        0.33
      ],
      "power_mW": [
        2560,
        2523.333333,
        2360,
        2080,
        1806.666667,
        1543.333333,
        1470,
        1200,
        919.3333333,
        708,
        507.6666667,
        294,
        110.3333333,
        49.33333333
      ]
    },
    {
      "name": "Fiber and collimator with 5 cm focus",
      "intercept": -275.38199,
      "slope": 960.11023,
      "min_power_mW": 0,
      "max_power_mW": 2315,
      "current_A": [
        2.73,
        2.69,
        2.54,
        2.27,
        2.01,
        1.76,
        1.68,
        1.43,
        1.17,
        0.95,
        0.77,
        0.56,
        0.41,
        0.33
      ],
      "power_mW": [
        2350,
        2320,
        2160,
        1900,
        1640,
        1400,
        1350,
        1100,
        846,
        646,
        453,
        270,
        110,
        50
      ]
    }
  ]
}